mu,sigma
0.04602573645286826,0.046545452174706986
