mu,sigma,nu,Alpha,B1,B2,B3
0.0,0.048547832909149734,4.598325311299005,0.04263422551659481,0.9748806496612801,2.0412011695724033,3.1547992450490154
