mu,sigma,nu
6.336866997308613,0.04594038004735414,0.04544287220830122
