Stock,F1,F2,F3
S1,0.6386451485061868,0.3739575749535735,-0.22506858048271394
S2,0.9813995072495585,-0.3825387461932517,0.9897016030357082
