Value,x1,x2,x3,Portfolio
TotalReturn,-0.22144565076766198,-0.016007530584304597,0.3014669628417681,0.08109828007372433
Return Attribution,-0.06551252231430588,-0.0022198053213672788,0.14883060770939766,0.08109828007372433
Vol Attribution,-0.0006202226315012512,0.0028271044354660334,0.01257981754496089,0.014786699348925651
