Value,x1,x2,x3,Portfolio
TotalReturn,-0.22144565076766198,-0.01600753058430382,0.301466962841769,0.081098280073725
Return Attribution,-0.06643369523029859,-0.003201506116860764,0.1507334814208845,0.081098280073725
Vol Attribution,-0.0006202226315012746,0.002827104435466032,0.0125798175449609,0.014786699348925656
